Company,Ticker,Full Name,Market Cap,Market Cap Numeric,Rank,Date
Nvidia,NVDA,"NVIDIA
NVDA",$5.53 T,5530000000000.0,1,2026-09-29
Apple,AAPL,"Apple
AAPL",$4.94 T,4940000000000.0,2,2026-09-29
Alphabet,GOOG,"Alphabet (Google)
GOOG",$4.17 T,4170000000000.0,3,2026-09-29
Microsoft,MSFT,"Microsoft
MSFT",$3.78 T,3780000000000.0,4,2026-09-29
Amazon / AWS,AMZN,"Amazon
AMZN",$2.66 T,2660000000000.0,5,2026-09-29
Meta,META,"Meta Platforms
META",$1.82 T,1820000000000.0,7,2026-09-29
Broadcom,AVGO,"Broadcom
AVGO",$1.67 T,1670000000000.0,8,2026-09-29
Tesla,TSLA,"Tesla
TSLA",$1.41 T,1410000000000.0,9,2026-09-29
AMD,AMD,"Advanced Micro Devices
AMD",$992.33 B,992330000000.0,13,2026-09-29
JPMorgan Chase,JPM,"JPMorgan Chase
JPM",$894.72 B,894720000000.0,14,2026-09-29
Intel,INTC,"Intel
INTC",$609.68 B,609680000000.0,19,2026-09-29
Palantir,PLTR,"Palantir Technologies
PLTR",$450.53 B,450530000000.0,22,2026-09-29
Cisco Systems,CSCO,"Cisco Systems
CSCO",$420.83 B,420830000000.0,23,2026-09-29
Oracle,ORCL,"Oracle
ORCL",$401.98 B,401980000000.0,26,2026-09-29
General Electric,GE,"General Electric
GE",$330.19 B,330190000000.0,36,2026-09-29
Netflix,NFLX,"Netflix
NFLX",$288.27 B,288270000000.0,41,2026-09-29
Goldman Sachs,GS,"The Goldman Sachs Group
GS",$277.42 B,277420000000.0,42,2026-09-29
Arista Networks,ANET,"Arista Networks Inc
ANET",$258.45 B,258450000000.0,44,2026-09-29
RTX (Raytheon),RTX,"RTX
RTX",$252.92 B,252920000000.0,47,2026-09-29
